name,iterations,time,Mean,Median,Std,Per Yield
baseline,2621440000,2.56,0.9765625,0.9663015796864728,0.015358625514239698,0
generator 1 level,2621440000,49.281,18.79920959472656,18.799035591564664,0.010573627838041,17.82264709472656
generator 2 level,2621440000,128.718,49.102020263671875,49.11366318107486,0.21250461857351352,48.125457763671875
generator 3 level,2621440000,187.301,71.44966125488281,71.45070980316088,0.19456885754290287,70.47309875488281
